{"paths": {"admin/js/vendor/select2/i18n/pt.js": "admin/js/vendor/select2/i18n/pt.33b4a3b44d43.js", "admin/js/vendor/select2/i18n/hsb.js": "admin/js/vendor/select2/i18n/hsb.fa3b55265efe.js", "admin/js/vendor/select2/i18n/vi.js": "admin/js/vendor/select2/i18n/vi.097a5b75b3e1.js", "admin/js/vendor/select2/i18n/lv.js": "admin/js/vendor/select2/i18n/lv.08e62128eac1.js", "admin/js/vendor/select2/i18n/gl.js": "admin/js/vendor/select2/i18n/gl.d99b1fedaa86.js", "admin/js/vendor/select2/i18n/pl.js": "admin/js/vendor/select2/i18n/pl.6031b4f16452.js", "admin/js/vendor/select2/i18n/el.js": "admin/js/vendor/select2/i18n/el.27097f071856.js", "admin/js/vendor/select2/i18n/dsb.js": "admin/js/vendor/select2/i18n/dsb.56372c92d2f1.js", "admin/js/vendor/select2/i18n/et.js": "admin/js/vendor/select2/i18n/et.2b96fd98289d.js", "admin/js/vendor/select2/i18n/is.js": "admin/js/vendor/select2/i18n/is.3ddd9a6a97e9.js", "admin/js/vendor/select2/i18n/sl.js": "admin/js/vendor/select2/i18n/sl.131a78bc0752.js", "admin/js/vendor/select2/i18n/ko.js": "admin/js/vendor/select2/i18n/ko.e7be6c20e673.js", "admin/js/vendor/select2/i18n/hr.js": "admin/js/vendor/select2/i18n/hr.a2b092cc1147.js", "admin/js/vendor/select2/i18n/ms.js": "admin/js/vendor/select2/i18n/ms.4ba82c9a51ce.js", "admin/js/vendor/select2/i18n/fi.js": "admin/js/vendor/select2/i18n/fi.614ec42aa9ba.js", "admin/js/vendor/select2/i18n/th.js": "admin/js/vendor/select2/i18n/th.f38c20b0221b.js", "admin/js/vendor/select2/i18n/ru.js": "admin/js/vendor/select2/i18n/ru.934aa95f5b5f.js", "admin/js/vendor/select2/i18n/eu.js": "admin/js/vendor/select2/i18n/eu.adfe5c97b72c.js", "admin/js/vendor/select2/i18n/mk.js": "admin/js/vendor/select2/i18n/mk.dabbb9087130.js", "admin/js/vendor/select2/i18n/sq.js": "admin/js/vendor/select2/i18n/sq.5636b60d29c9.js", "admin/js/vendor/select2/i18n/ja.js": "admin/js/vendor/select2/i18n/ja.170ae885d74f.js", "admin/js/vendor/select2/i18n/ka.js": "admin/js/vendor/select2/i18n/ka.2083264a54f0.js", "admin/js/vendor/select2/i18n/he.js": "admin/js/vendor/select2/i18n/he.e420ff6cd3ed.js", "admin/js/vendor/select2/i18n/bg.js": "admin/js/vendor/select2/i18n/bg.39b8be30d4f0.js", "admin/js/vendor/select2/i18n/hy.js": "admin/js/vendor/select2/i18n/hy.c7babaeef5a6.js", "admin/js/vendor/select2/i18n/sr-Cyrl.js": "admin/js/vendor/select2/i18n/sr-Cyrl.f254bb8c4c7c.js", "admin/js/vendor/select2/i18n/ne.js": "admin/js/vendor/select2/i18n/ne.3d79fd3f08db.js", "admin/js/vendor/select2/i18n/af.js": "admin/js/vendor/select2/i18n/af.4f6fcd73488c.js", "admin/js/vendor/select2/i18n/id.js": "admin/js/vendor/select2/i18n/id.04debded514d.js", "admin/js/vendor/select2/i18n/az.js": "admin/js/vendor/select2/i18n/az.270c257daf81.js", "admin/js/vendor/select2/i18n/ca.js": "admin/js/vendor/select2/i18n/ca.a166b745933a.js", "admin/js/vendor/select2/i18n/nb.js": "admin/js/vendor/select2/i18n/nb.da2fce143f27.js", "admin/js/vendor/select2/i18n/zh-CN.js": "admin/js/vendor/select2/i18n/zh-CN.2cff662ec5f9.js", "admin/js/vendor/select2/i18n/zh-TW.js": "admin/js/vendor/select2/i18n/zh-TW.04554a227c2b.js", "admin/js/vendor/select2/i18n/pt-BR.js": "admin/js/vendor/select2/i18n/pt-BR.e1b294433e7f.js", "admin/js/vendor/select2/i18n/da.js": "admin/js/vendor/select2/i18n/da.766346afe4dd.js", "admin/js/vendor/select2/i18n/fa.js": "admin/js/vendor/select2/i18n/fa.3b5bd1961cfd.js", "admin/js/vendor/select2/i18n/de.js": "admin/js/vendor/select2/i18n/de.8a1c222b0204.js", "admin/js/vendor/select2/i18n/en.js": "admin/js/vendor/select2/i18n/en.cf932ba09a98.js", "admin/js/vendor/select2/i18n/bs.js": "admin/js/vendor/select2/i18n/bs.91624382358e.js", "admin/js/vendor/select2/i18n/tk.js": "admin/js/vendor/select2/i18n/tk.7c572a68c78f.js", "admin/js/vendor/select2/i18n/sv.js": "admin/js/vendor/select2/i18n/sv.7a9c2f71e777.js", "admin/js/vendor/select2/i18n/hi.js": "admin/js/vendor/select2/i18n/hi.70640d41628f.js", "admin/js/vendor/select2/i18n/uk.js": "admin/js/vendor/select2/i18n/uk.8cede7f4803c.js", "admin/js/vendor/select2/i18n/cs.js": "admin/js/vendor/select2/i18n/cs.4f43e8e7d33a.js", "admin/js/vendor/select2/i18n/km.js": "admin/js/vendor/select2/i18n/km.c23089cb06ca.js", "admin/js/vendor/select2/i18n/fr.js": "admin/js/vendor/select2/i18n/fr.05e0542fcfe6.js", "admin/js/vendor/select2/i18n/nl.js": "admin/js/vendor/select2/i18n/nl.997868a37ed8.js", "admin/js/vendor/select2/i18n/sr.js": "admin/js/vendor/select2/i18n/sr.5ed85a48f483.js", "admin/js/vendor/select2/i18n/hu.js": "admin/js/vendor/select2/i18n/hu.6ec6039cb8a3.js", "admin/js/vendor/select2/i18n/lt.js": "admin/js/vendor/select2/i18n/lt.23c7ce903300.js", "admin/js/vendor/select2/i18n/ar.js": "admin/js/vendor/select2/i18n/ar.65aa8e36bf5d.js", "admin/js/vendor/select2/i18n/sk.js": "admin/js/vendor/select2/i18n/sk.33d02cef8d11.js", "admin/js/vendor/select2/i18n/it.js": "admin/js/vendor/select2/i18n/it.be4fe8d365b5.js", "admin/js/vendor/select2/i18n/es.js": "admin/js/vendor/select2/i18n/es.66dbc2652fb1.js", "admin/js/vendor/select2/i18n/bn.js": "admin/js/vendor/select2/i18n/bn.6d42b4dd5665.js", "admin/js/vendor/select2/i18n/ro.js": "admin/js/vendor/select2/i18n/ro.f75cb460ec3b.js", "admin/js/vendor/select2/i18n/ps.js": "admin/js/vendor/select2/i18n/ps.38dfa47af9e0.js", "admin/js/vendor/select2/i18n/tr.js": "admin/js/vendor/select2/i18n/tr.b5a0643d1545.js", "admin/css/vendor/select2/select2.min.css": "admin/css/vendor/select2/select2.min.9f54e6414f87.css", "admin/css/vendor/select2/LICENSE-SELECT2.md": "admin/css/vendor/select2/LICENSE-SELECT2.f94142512c91.md", "admin/css/vendor/select2/select2.css": "admin/css/vendor/select2/select2.a2194c262648.css", "admin/js/vendor/jquery/jquery.min.js": "admin/js/vendor/jquery/jquery.min.2c872dbe60f4.js", "admin/js/vendor/jquery/LICENSE.txt": "admin/js/vendor/jquery/LICENSE.de877aa6d744.txt", "admin/js/vendor/jquery/jquery.js": "admin/js/vendor/jquery/jquery.12e87d2f3a4c.js", "admin/js/vendor/xregexp/xregexp.min.js": "admin/js/vendor/xregexp/xregexp.min.f1ae4617847c.js", "admin/js/vendor/xregexp/xregexp.js": "admin/js/vendor/xregexp/xregexp.a7e08b0ce686.js", "admin/js/vendor/xregexp/LICENSE.txt": "admin/js/vendor/xregexp/LICENSE.b6fd2ceea8d3.txt", "admin/js/vendor/select2/LICENSE.md": "admin/js/vendor/select2/LICENSE.f94142512c91.md", "admin/js/vendor/select2/select2.full.min.js": "admin/js/vendor/select2/select2.full.min.fcd7500d8e13.js", "admin/js/vendor/select2/select2.full.js": "admin/js/vendor/select2/select2.full.c2afdeda3058.js", "wagtailimages/js/vendor/load-image.min.js": "wagtailimages/js/vendor/load-image.min.b0541c3e69e3.js", "wagtailimages/js/vendor/jquery.fileupload-validate.js": "wagtailimages/js/vendor/jquery.fileupload-validate.cc2df1f035eb.js", "wagtailimages/js/vendor/jquery.Jcrop.min.js": "wagtailimages/js/vendor/jquery.Jcrop.min.2b9a25516bf5.js", "wagtailimages/js/vendor/jquery.fileupload-image.js": "wagtailimages/js/vendor/jquery.fileupload-image.e2df71fee3ea.js", "wagtailadmin/css/panels/streamfield.js": "wagtailadmin/css/panels/streamfield.d41d8cd98f00.js", "wagtailadmin/css/panels/streamfield.css": "wagtailadmin/css/panels/streamfield.6305e42a968d.css", "wagtailadmin/css/panels/draftail.js": "wagtailadmin/css/panels/draftail.d41d8cd98f00.js", "wagtailadmin/css/panels/draftail.css": "wagtailadmin/css/panels/draftail.85d76b3b1fef.css", "wagtailadmin/images/icons/arrow-down.svg": "wagtailadmin/images/icons/arrow-down.676a2040457d.svg", "wagtailadmin/images/icons/home.svg": "wagtailadmin/images/icons/home.5037a6fc8098.svg", "wagtailadmin/images/icons/tag.svg": "wagtailadmin/images/icons/tag.a14198b47c11.svg", "wagtailadmin/images/icons/arrow-right.svg": "wagtailadmin/images/icons/arrow-right.34c6be4afa76.svg", "wagtailadmin/images/icons/check.svg": "wagtailadmin/images/icons/check.ef6c996f2262.svg", "wagtailadmin/images/icons/warning.svg": "wagtailadmin/images/icons/warning.821006ddbe1c.svg", "wagtailadmin/images/icons/radio-full.svg": "wagtailadmin/images/icons/radio-full.c6aa220475df.svg", "wagtailadmin/images/icons/spinner.svg": "wagtailadmin/images/icons/spinner.d975ca0dd50e.svg", "wagtailadmin/images/icons/arrow-up.svg": "wagtailadmin/images/icons/arrow-up.8a4bee43d891.svg", "wagtailadmin/images/icons/arrow-left.svg": "wagtailadmin/images/icons/arrow-left.c6fcc84dcc37.svg", "wagtailadmin/images/icons/cross.svg": "wagtailadmin/images/icons/cross.66b781c0c219.svg", "wagtailadmin/js/telepath/telepath.js": "wagtailadmin/js/telepath/telepath.563022e43ea3.js", "wagtailadmin/js/telepath/blocks.js": "wagtailadmin/js/telepath/blocks.3191211607a7.js", "wagtailadmin/js/telepath/widgets.js": "wagtailadmin/js/telepath/widgets.b0891a01661e.js", "wagtailadmin/js/vendor/jquery-ui-1.13.2.min.js.LICENSE.txt": "wagtailadmin/js/vendor/jquery-ui-1.13.2.min.js.LICENSE.e408add35cca.txt", "wagtailadmin/js/vendor/jquery-3.6.0.min.js.LICENSE.txt": "wagtailadmin/js/vendor/jquery-3.6.0.min.js.LICENSE.3256b7d2fae1.txt", "wagtailadmin/js/vendor/jquery.datetimepicker.js.LICENSE.txt": "wagtailadmin/js/vendor/jquery.datetimepicker.js.LICENSE.ed01cc285233.txt", "wagtailadmin/js/vendor/jquery-3.6.0.min.js": "wagtailadmin/js/vendor/jquery-3.6.0.min.61651206bfdf.js", "wagtailadmin/js/vendor/jquery.datetimepicker.js": "wagtailadmin/js/vendor/jquery.datetimepicker.fbf3bcc62367.js", "wagtailadmin/js/vendor/jquery-ui-1.13.2.min.js": "wagtailadmin/js/vendor/jquery-ui-1.13.2.min.26d3af3a7ec4.js", "wagtailadmin/js/vendor/bootstrap-modal.js": "wagtailadmin/js/vendor/bootstrap-modal.cdc66c08f351.js", "wagtailadmin/js/vendor/tag-it.js": "wagtailadmin/js/vendor/tag-it.62e82d152a56.js", "wagtailadmin/js/vendor/jquery.fileupload.js": "wagtailadmin/js/vendor/jquery.fileupload.d88bcc48f870.js", "wagtailadmin/js/vendor/jquery.ba-throttle-debounce.min.js": "wagtailadmin/js/vendor/jquery.ba-throttle-debounce.min.c8e2888d6bbd.js", "wagtailadmin/js/vendor/bootstrap-transition.js": "wagtailadmin/js/vendor/bootstrap-transition.45d42097d2a3.js", "wagtailadmin/js/vendor/jquery.fileupload-process.js": "wagtailadmin/js/vendor/jquery.fileupload-process.04c33392cb40.js", "wagtailadmin/js/vendor/jquery.iframe-transport.js": "wagtailadmin/js/vendor/jquery.iframe-transport.a360de075bb2.js", "table_block/css/vendor/handsontable-6.2.2.full.min.css": "table_block/css/vendor/handsontable-6.2.2.full.min.5bd4befe13a0.css", "table_block/js/vendor/handsontable-6.2.2.full.min.js": "table_block/js/vendor/handsontable-6.2.2.full.min.bcce346e447a.js", "rest_framework/docs/css/highlight.css": "rest_framework/docs/css/highlight.e0e4d973c6d7.css", "rest_framework/docs/css/base.css": "rest_framework/docs/css/base.e630f8f4990e.css", "rest_framework/docs/css/jquery.json-view.min.css": "rest_framework/docs/css/jquery.json-view.min.a2e6beeb6710.css", "rest_framework/docs/js/highlight.pack.js": "rest_framework/docs/js/highlight.pack.479b5f21dcba.js", "rest_framework/docs/js/api.js": "rest_framework/docs/js/api.18a5ba8a1bd8.js", "rest_framework/docs/js/jquery.json-view.min.js": "rest_framework/docs/js/jquery.json-view.min.b7c2d6981377.js", "rest_framework/docs/img/favicon.ico": "rest_framework/docs/img/favicon.5195b4d0f3eb.ico", "rest_framework/docs/img/grid.png": "rest_framework/docs/img/grid.a4b938cf382b.png", "admin/js/admin/RelatedObjectLookups.js": "admin/js/admin/RelatedObjectLookups.874743a87811.js", "admin/js/admin/DateTimeShortcuts.js": "admin/js/admin/DateTimeShortcuts.9f6e209cebca.js", "admin/img/gis/move_vertex_on.svg": "admin/img/gis/move_vertex_on.0047eba25b67.svg", "admin/img/gis/move_vertex_off.svg": "admin/img/gis/move_vertex_off.7a23bf31ef8a.svg", "wagtailembeds/js/embed-chooser-modal.js": "wagtailembeds/js/embed-chooser-modal.73ef0c038995.js", "wagtailsnippets/js/snippet-chooser.js": "wagtailsnippets/js/snippet-chooser.eb95381fed95.js", "wagtailsnippets/js/snippet-chooser-telepath.js": "wagtailsnippets/js/snippet-chooser-telepath.1dca0fb5beaf.js", "wagtaildocs/js/document-chooser-modal.js": "wagtaildocs/js/document-chooser-modal.cd25cc60c48d.js", "wagtaildocs/js/document-chooser.js": "wagtaildocs/js/document-chooser.c45a57d48c8e.js", "wagtaildocs/js/document-chooser-telepath.js": "wagtaildocs/js/document-chooser-telepath.3fea6440680f.js", "wagtaildocs/js/add-multiple.js": "wagtaildocs/js/add-multiple.e354a22af430.js", "wagtailimages/images/Jcrop.gif": "wagtailimages/images/Jcrop.7a4b4c6ebdb5.gif", "wagtailimages/js/image-url-generator.js": "wagtailimages/js/image-url-generator.05890c58b848.js", "wagtailimages/js/image-chooser-telepath.js": "wagtailimages/js/image-chooser-telepath.9322ba24a1a6.js", "wagtailimages/js/image-chooser-modal.js": "wagtailimages/js/image-chooser-modal.ffcb89328c3b.js", "wagtailimages/js/image-block.js": "wagtailimages/js/image-block.f346d393d75d.js", "wagtailimages/js/image-chooser.js": "wagtailimages/js/image-chooser.2d63b6536b11.js", "wagtailimages/js/focal-point-chooser.js": "wagtailimages/js/focal-point-chooser.8f0d080bed6e.js", "wagtailimages/js/add-multiple.js": "wagtailimages/js/add-multiple.2d1a3ff5dc5a.js", "wagtailadmin/css/core.js": "wagtailadmin/css/core.d41d8cd98f00.js", "wagtailadmin/css/core.css": "wagtailadmin/css/core.7f0a76d7fc00.css", "wagtailadmin/images/bg-body.svg": "wagtailadmin/images/bg-body.968460e7756d.svg", "wagtailadmin/images/email-header.jpg": "wagtailadmin/images/email-header.68582f331be0.jpg", "wagtailadmin/images/favicon.ico": "wagtailadmin/images/favicon.048342b6f401.ico", "wagtailadmin/images/bg-dark-diag.svg": "wagtailadmin/images/bg-dark-diag.baaa4548cd3b.svg", "wagtailadmin/images/transparency.svg": "wagtailadmin/images/transparency.3c218ccc676a.svg", "wagtailadmin/images/bg-light-diag.svg": "wagtailadmin/images/bg-light-diag.0e5085d6afed.svg", "wagtailadmin/images/default-user-avatar.png": "wagtailadmin/images/default-user-avatar.ae04736b9d20.png", "wagtailadmin/js/bulk-actions.js": "wagtailadmin/js/bulk-actions.9659e934b03e.js", "wagtailadmin/js/icons.js": "wagtailadmin/js/icons.d9c4db7c5bb9.js", "wagtailadmin/js/modal-workflow.js": "wagtailadmin/js/modal-workflow.f17ab2e09c7e.js", "wagtailadmin/js/core.js.LICENSE.txt": "wagtailadmin/js/core.js.LICENSE.ddd4e67c7a29.txt", "wagtailadmin/js/core.js": "wagtailadmin/js/core.90b003ea2836.js", "wagtailadmin/js/wagtailadmin.js": "wagtailadmin/js/wagtailadmin.7abef79517ce.js", "wagtailadmin/js/date-time-chooser.js": "wagtailadmin/js/date-time-chooser.5e46b6e09be8.js", "wagtailadmin/js/draftail.js.LICENSE.txt": "wagtailadmin/js/draftail.js.LICENSE.857350bf225d.txt", "wagtailadmin/js/task-chooser-modal.js": "wagtailadmin/js/task-chooser-modal.879f4477c581.js", "wagtailadmin/js/page-chooser.js": "wagtailadmin/js/page-chooser.68fbe8148947.js", "wagtailadmin/js/sidebar.js": "wagtailadmin/js/sidebar.1e1e5ea610b7.js", "wagtailadmin/js/vendor.js.LICENSE.txt": "wagtailadmin/js/vendor.js.LICENSE.755b5a45b877.txt", "wagtailadmin/js/task-chooser.js": "wagtailadmin/js/task-chooser.5a5af3f2459d.js", "wagtailadmin/js/sidebar.js.LICENSE.txt": "wagtailadmin/js/sidebar.js.LICENSE.6aba5ef5ea84.txt", "wagtailadmin/js/draftail.js": "wagtailadmin/js/draftail.3f151b58d785.js", "wagtailadmin/js/vendor.js": "wagtailadmin/js/vendor.fa6060f71148.js", "wagtailadmin/js/chooser-modal.js": "wagtailadmin/js/chooser-modal.22456f606709.js", "wagtailadmin/js/page-chooser-modal.js": "wagtailadmin/js/page-chooser-modal.0991c2674671.js", "wagtailadmin/js/chooser-widget.js": "wagtailadmin/js/chooser-widget.4570771936c4.js", "wagtailadmin/js/page-chooser-telepath.js": "wagtailadmin/js/page-chooser-telepath.ccbf56a72744.js", "wagtailadmin/js/comments.js": "wagtailadmin/js/comments.fb8bba248212.js", "wagtailadmin/js/workflow-action.js": "wagtailadmin/js/workflow-action.98d767178bc5.js", "wagtailadmin/js/chooser-widget-telepath.js": "wagtailadmin/js/chooser-widget-telepath.9ed65164085b.js", "wagtailadmin/js/userbar.js.LICENSE.txt": "wagtailadmin/js/userbar.js.LICENSE.ddd4e67c7a29.txt", "wagtailadmin/js/privacy-switch.js": "wagtailadmin/js/privacy-switch.d5c957f3c8a2.js", "wagtailadmin/js/filtered-select.js": "wagtailadmin/js/filtered-select.64ddbafd9f28.js", "wagtailadmin/js/userbar.js": "wagtailadmin/js/userbar.95ee361ca48f.js", "table_block/js/table.js": "table_block/js/table.a137f9aac484.js", "typed_table_block/css/typed_table_block.js": "typed_table_block/css/typed_table_block.d41d8cd98f00.js", "typed_table_block/css/typed_table_block.css": "typed_table_block/css/typed_table_block.c9cd2cd82704.css", "typed_table_block/js/typed_table_block.js": "typed_table_block/js/typed_table_block.f5f60a1d7b0b.js", "wagtailsearchpromotions/js/query-chooser-modal.js": "wagtailsearchpromotions/js/query-chooser-modal.c6f0d923b7c4.js", "wagtailstyleguide/css/animate-progress.css": "wagtailstyleguide/css/animate-progress.e785bae39be7.css", "rest_framework/css/bootstrap.min.css": "rest_framework/css/bootstrap.min.f17d4516b026.css", "rest_framework/css/bootstrap.min.css.map": "rest_framework/css/bootstrap.min.css.cafbda9c0e9e.map", "rest_framework/css/bootstrap-theme.min.css.map": "rest_framework/css/bootstrap-theme.min.css.51806092cc05.map", "rest_framework/css/prettify.css": "rest_framework/css/prettify.a987f72342ee.css", "rest_framework/css/default.css": "rest_framework/css/default.789dfb5732d7.css", "rest_framework/css/font-awesome-4.0.3.css": "rest_framework/css/font-awesome-4.0.3.c1e1ea213abf.css", "rest_framework/css/bootstrap-tweaks.css": "rest_framework/css/bootstrap-tweaks.ee4ee6acf9eb.css", "rest_framework/css/bootstrap-theme.min.css": "rest_framework/css/bootstrap-theme.min.1d4b05b397c3.css", "rest_framework/js/load-ajax-form.js": "rest_framework/js/load-ajax-form.8cdb3a9f3466.js", "rest_framework/js/ajax-form.js": "rest_framework/js/ajax-form.4e1cdcb7acab.js", "rest_framework/js/prettify-min.js": "rest_framework/js/prettify-min.709bfcc456c6.js", "rest_framework/js/csrf.js": "rest_framework/js/csrf.455080a7b2ce.js", "rest_framework/js/bootstrap.min.js": "rest_framework/js/bootstrap.min.2f34b630ffe3.js", "rest_framework/js/default.js": "rest_framework/js/default.5b08897dbdc3.js", "rest_framework/js/coreapi-0.1.1.js": "rest_framework/js/coreapi-0.1.1.8851fb9336c9.js", "rest_framework/js/jquery-3.7.1.min.js": "rest_framework/js/jquery-3.7.1.min.2c872dbe60f4.js", "rest_framework/img/grid.png": "rest_framework/img/grid.a4b938cf382b.png", "rest_framework/img/glyphicons-halflings.png": "rest_framework/img/glyphicons-halflings.90233c9067e9.png", "rest_framework/img/glyphicons-halflings-white.png": "rest_framework/img/glyphicons-halflings-white.9bbc6e960299.png", "rest_framework/fonts/fontawesome-webfont.svg": "rest_framework/fonts/fontawesome-webfont.83e37a11f9d7.svg", "rest_framework/fonts/glyphicons-halflings-regular.woff": "rest_framework/fonts/glyphicons-halflings-regular.fa2772327f55.woff", "rest_framework/fonts/glyphicons-halflings-regular.eot": "rest_framework/fonts/glyphicons-halflings-regular.f4769f9bdb74.eot", "rest_framework/fonts/glyphicons-halflings-regular.woff2": "rest_framework/fonts/glyphicons-halflings-regular.448c34a56d69.woff2", "rest_framework/fonts/glyphicons-halflings-regular.ttf": "rest_framework/fonts/glyphicons-halflings-regular.e18bbf611f2a.ttf", "rest_framework/fonts/fontawesome-webfont.ttf": "rest_framework/fonts/fontawesome-webfont.dcb26c7239d8.ttf", "rest_framework/fonts/fontawesome-webfont.woff": "rest_framework/fonts/fontawesome-webfont.3293616ec0c6.woff", "rest_framework/fonts/glyphicons-halflings-regular.svg": "rest_framework/fonts/glyphicons-halflings-regular.08eda92397ae.svg", "rest_framework/fonts/fontawesome-webfont.eot": "rest_framework/fonts/fontawesome-webfont.8b27bc96115c.eot", "django_extensions/css/jquery.autocomplete.css": "django_extensions/css/jquery.autocomplete.1a774d452e48.css", "django_extensions/js/jquery.ajaxQueue.js": "django_extensions/js/jquery.ajaxQueue.5fc2188f8a16.js", "django_extensions/js/jquery.bgiframe.js": "django_extensions/js/jquery.bgiframe.68c9c05397e9.js", "django_extensions/js/jquery.autocomplete.js": "django_extensions/js/jquery.autocomplete.26e55daaf7c5.js", "django_extensions/img/indicator.gif": "django_extensions/img/indicator.03ce3dcc84af.gif", "admin/css/widgets.css": "admin/css/widgets.355d088349f3.css", "admin/css/dark_mode.css": "admin/css/dark_mode.f9ffd47267af.css", "admin/css/login.css": "admin/css/login.a3b47c458e5d.css", "admin/css/dashboard.css": "admin/css/dashboard.e90f2068217b.css", "admin/css/nav_sidebar.css": "admin/css/nav_sidebar.dd925738f4cc.css", "admin/css/responsive.css": "admin/css/responsive.ae7b57af01c8.css", "admin/css/autocomplete.css": "admin/css/autocomplete.d24f10bdee41.css", "admin/css/responsive_rtl.css": "admin/css/responsive_rtl.a154194876ee.css", "admin/css/forms.css": "admin/css/forms.86203f0362cc.css", "admin/css/unusable_password_field.css": "admin/css/unusable_password_field.b433f2a95fba.css", "admin/css/rtl.css": "admin/css/rtl.7e532512b807.css", "admin/css/base.css": "admin/css/base.08e8df8c3104.css", "admin/css/changelists.css": "admin/css/changelists.59465e72d1ef.css", "admin/js/urlify.js": "admin/js/urlify.ae970a820212.js", "admin/js/core.js": "admin/js/core.7e257fdf56dc.js", "admin/js/actions.js": "admin/js/actions.f1d5653edb59.js", "admin/js/prepopulate.js": "admin/js/prepopulate.bd2361dfd64d.js", "admin/js/cancel.js": "admin/js/cancel.ecc4c5ca7b32.js", "admin/js/theme.js": "admin/js/theme.91cf832f559e.js", "admin/js/nav_sidebar.js": "admin/js/nav_sidebar.3b9190d420b1.js", "admin/js/autocomplete.js": "admin/js/autocomplete.01591ab27be7.js", "admin/js/inlines.js": "admin/js/inlines.22d4d93c00b4.js", "admin/js/change_form.js": "admin/js/change_form.9d8ca4f96b75.js", "admin/js/filters.js": "admin/js/filters.0e360b7a9f80.js", "admin/js/SelectFilter2.js": "admin/js/SelectFilter2.b20260d34877.js", "admin/js/jquery.init.js": "admin/js/jquery.init.b7781a0897fc.js", "admin/js/popup_response.js": "admin/js/popup_response.96190d343c22.js", "admin/js/SelectBox.js": "admin/js/SelectBox.7d3ce5a98007.js", "admin/js/calendar.js": "admin/js/calendar.d64496bbf46d.js", "admin/js/unusable_password_field.js": "admin/js/unusable_password_field.017ea86b6ae4.js", "admin/js/prepopulate_init.js": "admin/js/prepopulate_init.6cac7f3105b8.js", "admin/img/search.svg": "admin/img/search.7cf54ff789c6.svg", "admin/img/icon-calendar.svg": "admin/img/icon-calendar.ac7aea671bea.svg", "admin/img/icon-clock.svg": "admin/img/icon-clock.e1d4dfac3f2b.svg", "admin/img/icon-hidelink.svg": "admin/img/icon-hidelink.8d245a995e18.svg", "admin/img/icon-no.svg": "admin/img/icon-no.439e821418cd.svg", "admin/img/tooltag-add.svg": "admin/img/tooltag-add.e59d620a9742.svg", "admin/img/inline-delete.svg": "admin/img/inline-delete.fec1b761f254.svg", "admin/img/LICENSE": "admin/img/LICENSE.2c54f4e1ca1c", "admin/img/icon-changelink.svg": "admin/img/icon-changelink.7eddb320e61f.svg", "admin/img/icon-unknown.svg": "admin/img/icon-unknown.a18cb4398978.svg", "admin/img/sorting-icons.svg": "admin/img/sorting-icons.3a097b59f104.svg", "admin/img/icon-viewlink.svg": "admin/img/icon-viewlink.41eb31f7826e.svg", "admin/img/icon-yes.svg": "admin/img/icon-yes.d2f9f035226a.svg", "admin/img/icon-addlink.svg": "admin/img/icon-addlink.073aeb1feda7.svg", "admin/img/icon-unknown-alt.svg": "admin/img/icon-unknown-alt.81536e128bb6.svg", "admin/img/icon-deletelink.svg": "admin/img/icon-deletelink.564ef9dc3854.svg", "admin/img/README.txt": "admin/img/README.9849248c9207.txt", "admin/img/selector-icons.svg": "admin/img/selector-icons.b4555096cea2.svg", "admin/img/calendar-icons.svg": "admin/img/calendar-icons.93ab098d1ac1.svg", "admin/img/tooltag-arrowright.svg": "admin/img/tooltag-arrowright.bbfb788a849e.svg", "admin/img/icon-alert.svg": "admin/img/icon-alert.034cc7d8a67f.svg", "css/bootstrap.min.css": "css/bootstrap.min.7789fde80ba9.css", "css/main.css": "css/main.b95f3aaa15dc.css", "css/font-marcellus.css": "css/font-marcellus.30b862fbc140.css", "js/main.js": "js/main.980111fcaf7d.js", "img/bread-favicon.ico": "img/bread-favicon.4321abd18dfe.ico", "fonts/Marcellus-Regular.woff2": "fonts/Marcellus-Regular.d8d78c8d074b.woff2"}, "version": "1.1", "hash": "8a5b6e3af316"}